<?xml version='1.0' encoding='UTF-8'?><metaData xmlns="http://dhis2.org/schema/dxf/2.0" created="2015-12-16T06:03:46.155+0000"><sqlViews><sqlView name="NetworkListing_ougCount" created="2015-12-16T02:31:37.240+0000" lastUpdated="2015-12-16T02:32:05.113+0000" id="DZH3dC2rcm3"><externalAccess>false</externalAccess><publicAccess>rw------</publicAccess><user name="James Chang" created="2014-02-28T16:38:42.868+0000" lastUpdated="2015-12-03T21:33:53.484+0000" id="xzZ7R67QXla"><externalAccess>false</externalAccess></user><description>Network Listing App orgUnits count in orgUnit Group</description><sqlQuery>select count(*) from orgunitgroup as oug inner join orgunitgroupmembers as ougm on oug.orgunitgroupid = ougm.orgunitgroupid where oug.uid = '${ougid}'</sqlQuery><type>QUERY</type></sqlView><sqlView name="NetworkListing_ouCountInLevel" created="2015-12-16T02:12:11.531+0000" lastUpdated="2015-12-16T02:12:39.872+0000" id="IA8tfwRSCOX"><externalAccess>false</externalAccess><publicAccess>rw------</publicAccess><user name="James Chang" created="2014-02-28T16:38:42.868+0000" lastUpdated="2015-12-03T21:33:53.484+0000" id="xzZ7R67QXla"><externalAccess>false</externalAccess></user><description>NetworkListing App retrieving orgUnits count In Level</description><sqlQuery>select count(*) from _orgunitstructure where uidlevel3 = '${countryid}' and level = ${networklevel}</sqlQuery><type>QUERY</type></sqlView></sqlViews></metaData>